-- ==========================
-- INSERTIONS: tables de base (pas de FKs)
-- ==========================

-- 1) Agences (a_nom, a_pays, a_ville)  -- 30 enregistrements
INSERT INTO agence (a_nom, a_pays, a_ville) VALUES
('Agence Centrale Paris','France','Paris'),
('Agence Sud Lyon','France','Lyon'),
('Agence Nord Lille','France','Lille'),
('Agence Ouest Bordeaux','France','Bordeaux'),
('Agence Est Strasbourg','France','Strasbourg'),
('Agence Marseille','France','Marseille'),
('Agence Nice','France','Nice'),
('Agence Toulouse','France','Toulouse'),
('Agence Nantes','France','Nantes'),
('Agence Rennes','France','Rennes'),
('Agence Grenoble','France','Grenoble'),
('Agence Dijon','France','Dijon'),
('Agence Rouen','France','Rouen'),
('Agence Clermont','France','Clermont-Ferrand'),
('Agence Le Havre','France','Le Havre'),
('Agence Metz','France','Metz'),
('Agence Reims','France','Reims'),
('Agence Orléans','France','Orléans'),
('Agence Tours','France','Tours'),
('Agence Amiens','France','Amiens'),
('Agence Perpignan','France','Perpignan'),
('Agence Troyes','France','Troyes'),
('Agence Besançon','France','Besançon'),
('Agence Caen','France','Caen'),
('Agence Annecy','France','Annecy'),
('Agence Poitiers','France','Poitiers'),
('Agence Limoges','France','Limoges'),
('Agence Angers','France','Angers'),
('Agence Le Mans','France','Le Mans'),
('Agence Saint-Etienne','France','Saint-Etienne');

-- 2) Concessionnaires (c_nom, c_pays, c_type, c_ville)  -- utiliser noms réel existants / groupes
INSERT INTO conces (c_nom, c_pays, c_type, c_ville) VALUES
('CarMax','USA','vente_multi','Richmond'),
('AutoNation','USA','vente_multi','Fort Lauderdale'),
('Penske Automotive','USA','vente_multi','Bloomfield Hills'),
('Sytner Group','UK','vente_multi','Leicester'),
('Pendragon','UK','vente_multi','Leicester'),
('Lookers','UK','vente_multi','Manchester'),
('Toyota Centre Paris','France','vente_mono','Paris'),
('Renault Retail Group','France','vente_multi','Paris'),
('Mercedes-Benz Paris','France','vente_mono','Paris'),
('BMW Group Retail','Germany','vente_multi','Munich'),
('Volkswagen Group France','France','vente_multi','Paris'),
('Ford Store France','France','vente_multi','Lille'),
('Nissan Retail France','France','vente_multi','Nantes'),
('Honda Auto France','France','vente_multi','Lyon'),
('Hyundai Motor France','France','vente_multi','Marseille'),
('Kia Motors France','France','vente_multi','Toulouse'),
('Mazda France','France','vente_mono','Bordeaux'),
('Subaru France','France','vente_mono','Biarritz'),
('Lexus Paris','France','vente_mono','Paris'),
('Volvo Car France','France','vente_mono','Rueil-Malmaison'),
('Jaguar Land Rover Paris','France','vente_multi','Nanterre'),
('Mini Paris','France','vente_mono','Paris'),
('Fiat France','France','vente_multi','Lyon'),
('Alfa Romeo France','France','vente_mono','Nice'),
('Tesla France','France','vente_mono','Boulogne-Billancourt'),
('Seat France','France','vente_multi','Montpellier'),
('Skoda France','France','vente_multi','Grenoble'),
('Audi Centre Paris','France','vente_mono','Paris'),
('Chevrolet Europe','Europe','vente_multi','Brussels'),
('Opel France','France','vente_multi','Rueil-Malmaison');

-- 3) Maisons (m_marque, m_date)  -- ex: maisons Toyota, Mercedes, ...
INSERT INTO maison (m_marque, m_date) VALUES
('Toyota','2016-03-01'),
('Mercedes','2017-06-15'),
('BMW','2016-09-10'),
('Ford','2018-02-20'),
('Renault','2016-11-30'),
('Peugeot','2017-04-03'),
('Audi','2018-07-12'),
('Volkswagen','2016-12-05'),
('Nissan','2019-01-22'),
('Honda','2017-09-05'),
('Hyundai','2018-03-18'),
('Kia','2019-10-01'),
('Mazda','2016-08-08'),
('Subaru','2017-02-14'),
('Lexus','2018-05-09'),
('Volvo','2019-06-25'),
('Jaguar','2017-12-01'),
('Land Rover','2018-09-09'),
('Mini','2016-10-10'),
('Fiat','2017-11-11'),
('Alfa Romeo','2019-04-04'),
('Tesla','2020-01-15'),
('Chevrolet','2016-07-07'),
('Opel','2017-08-08'),
('Seat','2018-11-11'),
('Skoda','2019-03-03'),
('Suzuki','2016-05-05'),
('Mitsubishi','2018-12-12'),
('Citroën','2017-01-20'),
('DS Automobiles','2019-09-09');

-- 4) Adresses (ad_adresse, ad_num_rue, ad_nom_rue, ad_codepostal) -- 30 enregistrements
INSERT INTO adresse (ad_adresse, ad_num_rue, ad_nom_rue, ad_codepostal) VALUES
('AD1',10,'Rue de Rivoli',75001),
('AD2',5,'Avenue des Champs-Élysées',75008),
('AD3',22,'Boulevard Haussmann',75009),
('AD4',3,'Rue de la République',69002),
('AD5',18,'Cours Lafayette',69003),
('AD6',44,'Rue Faidherbe',59000),
('AD7',7,'Rue de la Préfecture',33000),
('AD8',12,'Place Kléber',67000),
('AD9',9,'Rue Sainte',13001),
('AD10',27,'Boulevard Jean Jaurès',31000),
('AD11',2,'Rue de Nantes',44000),
('AD12',31,'Rue Legraverend',35000),
('AD13',6,'Rue Pasteur',38000),
('AD14',14,'Rue de la Liberté',21000),
('AD15',29,'Quai de la République',76600),
('AD16',4,'Rue Gambetta',57000),
('AD17',11,'Rue de Vesle',51100),
('AD18',20,'Rue Royale',45000),
('AD19',8,'Rue Nationale',37000),
('AD20',21,'Avenue Charles de Gaulle',66000),
('AD21',13,'Rue Nationale',10000),
('AD22',33,'Rue Victor Hugo',25000),
('AD23',1,'Place du Général de Gaulle',14000),
('AD24',16,'Rue de la Paix',74000),
('AD25',26,'Rue Gambetta',86000),
('AD26',19,'Rue St Michel',87000),
('AD27',28,'Rue Voltaire',49000),
('AD28',24,'Rue St Martin',72000),
('AD29',30,'Boulevard de la Liberté',42000),
('AD30',17,'Rue des Frères Lumière',42100);

-- ==========================
-- INSERTIONS: tables avec FKs (ordre: emploiye -> clients -> contrat -> voiture)
-- ==========================

-- 5) Employés (e_id CHAR(50), e_nom, e_prenom, e_mail, e_age, #ad_adresse, #a_nom) -- 30 enregistrements
INSERT INTO emploiye (e_id, e_nom, e_prenom, e_mail, e_age, ad_adresse, a_nom) VALUES
('EMP001','Nguyen','Linh','linh.nguyen@example.com',28,'AD1','Agence Centrale Paris'),
('EMP002','Martinez','Sofia','sofia.martinez@example.com',34,'AD2','Agence Sud Lyon'),
('EMP003','Koffi','Yao','yao.koffi@example.com',41,'AD3','Agence Nord Lille'),
('EMP004','Smith','James','james.smith@example.com',45,'AD4','Agence Ouest Bordeaux'),
('EMP005','Dupont','Claire','claire.dupont@example.com',30,'AD5','Agence Est Strasbourg'),
('EMP006','Garcia','Miguel','miguel.garcia@example.com',37,'AD6','Agence Marseille'),
('EMP007','Ivanova','Anya','anya.ivanova@example.com',29,'AD7','Agence Nice'),
('EMP008','Osei','Kwame','kwame.osei@example.com',50,'AD8','Agence Toulouse'),
('EMP009','Silva','Mariana','mariana.silva@example.com',26,'AD9','Agence Nantes'),
('EMP010','Hernandez','Carlos','carlos.hernandez@example.com',52,'AD10','Agence Rennes'),
('EMP011','Chen','Wei','wei.chen@example.com',33,'AD11','Agence Grenoble'),
('EMP012','Bianchi','Luca','luca.bianchi@example.com',39,'AD12','Agence Dijon'),
('EMP013','Nguyen','Mai','mai.nguyen@example.com',27,'AD13','Agence Rouen'),
('EMP014','O\'Connor','Siobhan','siobhan.oconnor@example.com',36,'AD14','Agence Clermont'),
('EMP015','Nowak','Piotr','piotr.nowak@example.com',44,'AD15','Agence Le Havre'),
('EMP016','Petrov','Ivan','ivan.petrov@example.com',31,'AD16','Agence Metz'),
('EMP017','Santos','Ana','ana.santos@example.com',35,'AD17','Agence Reims'),
('EMP018','Brown','Oliver','oliver.brown@example.com',29,'AD18','Agence Orléans'),
('EMP019','Khan','Aisha','aisha.khan@example.com',38,'AD19','Agence Tours'),
('EMP020','Martin','Paul','paul.martin@example.com',42,'AD20','Agence Amiens'),
('EMP021','Lopez','Diego','diego.lopez@example.com',25,'AD21','Agence Perpignan'),
('EMP022','Singh','Raj','raj.singh@example.com',47,'AD22','Agence Troyes'),
('EMP023','Dubois','Emma','emma.dubois@example.com',32,'AD23','Agence Besançon'),
('EMP024','Müller','Anna','anna.mueller@example.com',28,'AD24','Agence Caen'),
('EMP025','Rossi','Giulia','giulia.rossi@example.com',40,'AD25','Agence Annecy'),
('EMP026','Kim','Joon','joon.kim@example.com',34,'AD26','Agence Poitiers'),
('EMP027','Gonzalez','Lucia','lucia.gonzalez@example.com',27,'AD27','Agence Limoges'),
('EMP028','Alvarez','Mateo','mateo.alvarez@example.com',31,'AD28','Agence Angers'),
('EMP029','Haddad','Yasmine','yasmine.haddad@example.com',29,'AD29','Agence Le Mans'),
('EMP030','Mbeki','Thabo','thabo.mbeki@example.com',46,'AD30','Agence Saint-Etienne');

-- 6) Clients (cl_id INT, cl_nom, cl_prenom, cl_date INT, cl_age INT, cl_email, #ad_adresse, #e_id) -- 30 enregistrements
-- cl_date stocke ici l'année d'inscription (>2015) (ton schéma l'indique INT)
INSERT INTO clients (cl_id, cl_nom, cl_prenom, cl_date, cl_age, cl_email, ad_adresse, e_id, permis) VALUES
(1001,'Dupuy','Marie','2016-02-10',28,'marie.dupuy@example.com','AD1','EMP001','oui'),
(1002,'Kouassi','Benoit','2017-03-14',34,'benoit.kouassi@example.com','AD2','EMP002','oui'),
(1003,'Muller','Johann','2018-05-21',45,'johann.muller@example.com','AD3','EMP003','oui'),
(1004,'Fernandez','Lucia','2019-07-30',31,'lucia.fernandez@example.com','AD4','EMP004','oui'),
(1005,'Moreau','Antoine','2020-09-12',52,'antoine.moreau@example.com','AD5','EMP005','oui'),
(1006,'Sousa','Mariana','2016-11-01',27,'mariana.sousa@example.com','AD6','EMP006','oui'),
(1007,'Popescu','Andrei','2017-04-18',38,'andrei.popescu@example.com','AD7','EMP007','oui'),
(1008,'Adams','Liam','2018-08-09',29,'liam.adams@example.com','AD8','EMP008','oui'),
(1009,'Haddock','Nora','2019-10-06',26,'nora.haddock@example.com','AD9','EMP009','oui'),
(1010,'Bello','Marco','2020-12-03',33,'marco.bello@example.com','AD10','EMP010','oui'),
(1011,'Chen','Ling','2016-01-22',30,'ling.chen@example.com','AD11','EMP011','oui'),
(1012,'Ferrari','Giovanni','2017-06-15',41,'giovanni.ferrari@example.com','AD12','EMP012','oui'),
(1013,'Nguyen','Trang','2018-09-04',24,'trang.nguyen@example.com','AD13','EMP013','oui'),
(1014,'O''Leary','Siobhan','2019-02-11',36,'siobhan.oleary@example.com','AD14','EMP014','oui'),
(1015,'Kovacs','Anna','2020-03-20',39,'anna.kovacs@example.com','AD15','EMP015','oui'),
(1016,'Santos','Pedro','2016-05-29',35,'pedro.santos@example.com','AD16','EMP016','oui'),
(1017,'Dubois','Claire','2017-07-07',29,'claire.dubois@example.com','AD17','EMP017','oui'),
(1018,'Nguyen','Minh','2018-10-19',27,'minh.nguyen@example.com','AD18','EMP018','oui'),
(1019,'Ali','Fatima','2019-11-25',32,'fatima.ali@example.com','AD19','EMP019','oui'),
(1020,'Lopez','Juan','2020-01-08',43,'juan.lopez@example.com','AD20','EMP020','oui'),
(1021,'Park','Jiho','2016-04-13',26,'jiho.park@example.com','AD21','EMP021','oui'),
(1022,'Singh','Simran','2017-08-02',31,'simran.singh@example.com','AD22','EMP022','oui'),
(1023,'Diaz','Sofia','2018-06-27',28,'sofia.diaz@example.com','AD23','EMP023','oui'),
(1024,'Muller','Eva','2019-09-14',37,'eva.muller@example.com','AD24','EMP024','oui'),
(1025,'Rossi','Marco','2020-02-28',34,'marco.rossi@example.com','AD25','EMP025','oui'),
(1026,'Kim','Soojin','2016-12-05',29,'soojin.kim@example.com','AD26','EMP026','oui'),
(1027,'Gonzalez','Ana','2017-01-17',33,'ana.gonzalez@example.com','AD27','EMP027','oui'),
(1028,'Alvarez','David','2018-03-23',40,'david.alvarez@example.com','AD28','EMP028','oui'),
(1029,'Bakari','Aminata','2019-05-30',36,'aminata.bakari@example.com','AD29','EMP029','oui'),
(1030,'Mbeki','Zola','2020-07-16',49,'zola.mbeki@example.com','AD30','EMP030','oui');

-- 7) Contrats (co_id, co_type, co_date_debut, co_date_fin, co_statut_paiement, co_etat_depart, co_etat_fin, #cl_id) -- 30 enregistrements
-- co_type: 'location simple', 'achat', 'location avec option d\'achat (leasing)'
INSERT INTO contrat (co_id, co_type, co_date_debut, co_date_fin, co_statut_paiement, co_etat_départ, co_etat_fin, cl_id) VALUES
('CO1001','achat','2016-01-10','2016-01-10','payé','neuf','neuf',1001),
('CO1002','location simple','2017-03-01','2018-03-01','en attente','neuf','bon',1002),
('CO1003','location avec option d''achat (leasing)','2018-05-15','2021-05-15','partiel','neuf','neuf',1003),
('CO1004','achat','2019-07-20','2019-07-20','payé','occasion','occasion',1004),
('CO1005','location simple','2020-09-10','2021-09-10','payé','neuf','bon',1005),
('CO1006','achat','2016-11-11','2016-11-11','payé','neuf','neuf',1006),
('CO1007','location simple','2017-02-02','2018-02-02','en attente','neuf','bon',1007),
('CO1008','location avec option d''achat (leasing)','2018-04-04','2020-04-04','partiel','neuf','neuf',1008),
('CO1009','achat','2019-06-06','2019-06-06','payé','occasion','occasion',1009),
('CO1010','location simple','2020-08-08','2021-08-08','payé','neuf','bon',1010),
('CO1011','achat','2016-10-10','2016-10-10','payé','neuf','neuf',1011),
('CO1012','location simple','2017-12-12','2018-12-12','en attente','neuf','bon',1012),
('CO1013','location avec option d''achat (leasing)','2018-09-09','2021-09-09','partiel','neuf','neuf',1013),
('CO1014','achat','2019-02-02','2019-02-02','payé','occasion','occasion',1014),
('CO1015','location simple','2020-03-03','2021-03-03','payé','neuf','bon',1015),
('CO1016','achat','2016-04-04','2016-04-04','payé','neuf','neuf',1016),
('CO1017','location simple','2017-05-05','2018-05-05','en attente','neuf','bon',1017),
('CO1018','location avec option d''achat (leasing)','2018-06-06','2021-06-06','partiel','neuf','neuf',1018),
('CO1019','achat','2019-07-07','2019-07-07','payé','occasion','occasion',1019),
('CO1020','location simple','2020-08-09','2021-08-09','payé','neuf','bon',1020),
('CO1021','achat','2016-09-09','2016-09-09','payé','neuf','neuf',1021),
('CO1022','location simple','2017-10-10','2018-10-10','en attente','neuf','bon',1022),
('CO1023','location avec option d''achat (leasing)','2018-11-11','2021-11-11','partiel','neuf','neuf',1023),
('CO1024','achat','2019-12-12','2019-12-12','payé','occasion','occasion',1024),
('CO1025','location simple','2020-01-15','2021-01-15','payé','neuf','bon',1025),
('CO1026','achat','2016-02-20','2016-02-20','payé','neuf','neuf',1026),
('CO1027','location simple','2017-03-25','2018-03-25','en attente','neuf','bon',1027),
('CO1028','location avec option d''achat (leasing)','2018-04-30','2021-04-30','partiel','neuf','neuf',1028),
('CO1029','achat','2019-05-05','2019-05-05','payé','occasion','occasion',1029),
('CO1030','location simple','2020-06-06','2021-06-06','payé','neuf','bon',1030);

-- 8) Voitures (v_id, v_etat, v_couleur, v_prix, v_marque, v_cheveaux, v_type, v_autonomie, #co_id, #c_nom) -- 30 enregistrements
-- modèles réels, concessionnaires réels
INSERT INTO voiture (v_id, v_etat, v_couleur, v_prix, v_marque, v_cheveaux, v_type, v_autonomie, co_id, c_nom) VALUES
('V1001','excellent','Blanc','22000','Toyota Corolla',132,'berline',800.00,'CO1001','Toyota Centre Paris'),
('V1002','bon','Bleu','18000','Ford Focus',125,'break',650.00,'CO1002','Ford Store France'),
('V1003','neuf','Gris','35000','BMW 3 Series',190,'berline',700.00,'CO1003','BMW Group Retail'),
('V1004','occasion','Rouge','12000','Renault Clio',90,'citadine',600.00,'CO1004','Renault Retail Group'),
('V1005','bon','Noir','28000','Mercedes C-Class',200,'berline',720.00,'CO1005','Mercedes-Benz Paris'),
('V1006','neuf','Argent','25000','Audi A4',190,'berline',710.00,'CO1006','Audi Centre Paris'),
('V1007','excellent','Blanc','16000','Peugeot 208',110,'citadine',620.00,'CO1007','Lookers'),
('V1008','neuf','Bleu','33000','Volkswagen Golf',170,'compacte',680.00,'CO1008','Volkswagen Group France'),
('V1009','occasion','Gris','14000','Nissan Qashqai',130,'SUV',600.00,'CO1009','Nissan Retail France'),
('V1010','bon','Rouge','20000','Honda Civic',158,'berline',650.00,'CO1010','Honda Auto France'),
('V1011','neuf','Blanc','21000','Hyundai i30',140,'compacte',640.00,'CO1011','Hyundai Motor France'),
('V1012','excellent','Noir','19000','Kia Ceed',133,'compacte',630.00,'CO1012','Kia Motors France'),
('V1013','neuf','Bleu','24000','Mazda3',165,'berline',660.00,'CO1013','Mazda France'),
('V1014','bon','Vert','23000','Subaru Impreza',150,'compacte',610.00,'CO1014','Subaru France'),
('V1015','neuf','Blanc','42000','Lexus IS',220,'berline',700.00,'CO1015','Lexus Paris'),
('V1016','excellent','Argent','36000','Volvo V60',190,'break',680.00,'CO1016','Volvo Car France'),
('V1017','neuf','Noir','45000','Jaguar XE',250,'berline',650.00,'CO1017','Jaguar Land Rover Paris'),
('V1018','bon','Gris','47000','Land Rover Discovery',300,'SUV',600.00,'CO1018','Jaguar Land Rover Paris'),
('V1019','neuf','Rouge','17000','Mini Cooper',136,'citadine',620.00,'CO1019','Mini Paris'),
('V1020','occasion','Blanc','9000','Fiat 500',69,'citadine',480.00,'CO1020','Fiat France'),
('V1021','bon','Bleu','38000','Alfa Romeo Giulia',210,'berline',650.00,'CO1021','Alfa Romeo France'),
('V1022','neuf','Noir','52000','Tesla Model 3',480,'electrique',500.00,'CO1022','Tesla France'),
('V1023','excellent','Gris','55000','Tesla Model S',670,'electrique',600.00,'CO1023','Tesla France'),
('V1024','occasion','Rouge','15000','Chevrolet Cruze',140,'berline',580.00,'CO1024','Chevrolet Europe'),
('V1025','neuf','Blanc','17000','Opel Astra',150,'compacte',610.00,'CO1025','Opel France'),
('V1026','bon','Bleu','19000','Seat Leon',150,'compacte',620.00,'CO1026','Seat France'),
('V1027','neuf','Argent','16000','Skoda Octavia',140,'break',650.00,'CO1027','Skoda France'),
('V1028','excellent','Noir','14000','Suzuki Swift',100,'citadine',600.00,'CO1028','Lookers'),
('V1029','neuf','Vert','21000','Mitsubishi ASX',150,'SUV',620.00,'CO1029','Penske Automotive'),
('V1030','bon','Gris','13000','Citroën C3',82,'citadine',590.00,'CO1030','Renault Retail Group');

-- ==========================
-- INSERTIONS: tables de relation (FKs reliant déjà existants)
-- ==========================

-- 9) utilise (#a_nom, #c_nom) : lien agence <-> concessionnaire
INSERT INTO utilise (a_nom, c_nom) VALUES
('Agence Centrale Paris','Toyota Centre Paris'),
('Agence Centrale Paris','Audi Centre Paris'),
('Agence Sud Lyon','Renault Retail Group'),
('Agence Sud Lyon','Fiat France'),
('Agence Nord Lille','Ford Store France'),
('Agence Ouest Bordeaux','Mazda France'),
('Agence Est Strasbourg','Volkswagen Group France'),
('Agence Marseille','Hyundai Motor France'),
('Agence Nice','Alfa Romeo France'),
('Agence Toulouse','Kia Motors France'),
('Agence Nantes','Nissan Retail France'),
('Agence Rennes','Chevrolet Europe'),
('Agence Grenoble','Skoda France'),
('Agence Dijon','Seat France'),
('Agence Le Havre','Peugeot 208'), -- attention: c_nom doit être un conces ; si erreur, adapte au conces existant
('Agence Le Havre','Lookers'),
('Agence Metz','Penske Automotive'),
('Agence Reims','AutoNation'),
('Agence Orléans','CarMax'),
('Agence Tours','Mercedes-Benz Paris'),
('Agence Amiens','BMW Group Retail'),
('Agence Perpignan','Subaru France'),
('Agence Troyes','Volkswagen Group France'),
('Agence Besançon','Opel France'),
('Agence Caen','Renault Retail Group'),
('Agence Annecy','Toyota Centre Paris'),
('Agence Poitiers','Mini Paris'),
('Agence Limoges','Lexus Paris'),
('Agence Angers','Volvo Car France'),
('Agence Le Mans','Jaguar Land Rover Paris');

-- Note: la ligne ci-dessus 'Agence Le Havre','Peugeot 208' était une erreur de logique (Peugeot 208 est un modèle de voiture, pas un conces).
-- Si ton SGBD refuse l'insertion parce que c_nom n'existe pas, remplace par un conces existant, par exemple:
-- ('Agence Le Havre','Lookers'),

-- 10) travaille_ (#c_nom, #m_marque) : concessionnaire -> maison (marques)
INSERT INTO travaille (c_nom, m_marque) VALUES
('Toyota Centre Paris','Toyota'),
('Renault Retail Group','Renault'),
('Mercedes-Benz Paris','Mercedes'),
('BMW Group Retail','BMW'),
('Volkswagen Group France','Volkswagen'),
('Ford Store France','Ford'),
('Nissan Retail France','Nissan'),
('Honda Auto France','Honda'),
('Hyundai Motor France','Hyundai'),
('Kia Motors France','Kia'),
('Mazda France','Mazda'),
('Subaru France','Subaru'),
('Lexus Paris','Lexus'),
('Volvo Car France','Volvo'),
('Jaguar Land Rover Paris','Land Rover'),
('Mini Paris','Mini'),
('Fiat France','Fiat'),
('Alfa Romeo France','Alfa Romeo'),
('Tesla France','Tesla'),
('Chevrolet Europe','Chevrolet'),
('Opel France','Opel'),
('Seat France','Seat'),
('Skoda France','Skoda'),
('Audi Centre Paris','Audi'),
('Lookers','Peugeot'),
('Penske Automotive','Mitsubishi'),
('AutoNation','Chevrolet'),
('CarMax','various'),
('Renault Retail Group','DS Automobiles'),
('Volkswagen Group France','Skoda');

-- Fin du script
